Index,First Name,Last Name,Country,Phone,Email
1,Sheryl,Baxter,Chile,229.077.5154,zunigavanessa@smith.info
2,Preston,Lozano,Djibouti,5153435776,vmata@colon.com
3,Roy,Berry,Antigua and Barbuda,+1-539-402-0259,beckycarr@hogan.com
4,Linda,Olsen,Dominican Republic,001-808-617-6467x12895,stanleyblackwell@benson.org
5,Joanna,Bender,Slovakia (Slovak Republic),001-234-203-0635x76146,colinalvarado@miles.net
6,Aimee,Downs,Bosnia and Herzegovina,(283)437-3886x88321,louis27@gilbert.com
7,Darren,Peck,Pitcairn Islands,(496)452-6181x3291,tgates@cantrell.com
8,Brett,Mullen,Bulgaria,001-583-352-7197x297,asnow@colon.com
9,Sheryl,Meyers,Cyprus,854-138-4911x5772,mariokhan@ryan-pope.org
10,Michelle,Gallagher,Timor-Leste,739.218.2516x459,mdyer@escobar.net
11,Carl,Schroeder,Guernsey,637-854-0256x825,kirksalas@webb.com
12,Jenna,Dodson,Vietnam,(041)737-3846,mark42@robbins.com
13,Tracey,Mata,Togo,001-949-844-8787,alex56@walls.org
14,Kristine,Cox,Sri Lanka,786-284-3358x62152,holdenmiranda@clarke.com
15,Faith,Lutz,Singapore,(781)861-7180x8306,cassieparrish@blevins-chapman.net
16,Miranda,Beasley,Oman,540.085.3135x185,vduncan@parks-hardy.com
17,Caroline,Foley,Western Sahara,936.222.4746x9924,holtgwendolyn@watson-davenport.com
18,Greg,Mata,Mozambique,(701)087-2415,jaredjuarez@carroll.org
19,Clifford,Jacobson,South Georgia and the South Sandwich Islands,001-151-330-3524x0469,joseph26@jacobson.com
20,Joanna,Kirk,French Polynesia,(266)131-7001x711,tuckerangie@salazar.net
21,Maxwell,Frye,Malta,423.262.3059,fgibson@drake-webb.com
22,Kiara,Houston,Netherlands,001-274-040-3582x10611,blanchardbob@wallace-shannon.com
23,Colleen,Howard,Paraguay,1935085151,rsingleton@ryan-cherry.com
24,Janet,Valenzuela,Lao People's Democratic Republic,354.259.5062x7538,stefanie71@spence.com
25,Shane,Wilcox,Albania,(429)005-9030x11004,mariah88@santos.com
26,Marcus,Moody,Panama,674-677-8623,donnamullins@norris-barrett.org
27,Dakota,Poole,Belarus,(371)987-8576x4720,stacey67@fields.org
28,Frederick,Harper,Switzerland,+1-077-121-1558x0687,jacobkhan@bright.biz
29,Stefanie,Fitzpatrick,Saint Vincent and the Grenadines,(752)776-3286,wterrell@clark.com
30,Kent,Bradshaw,Tanzania,+1-472-143-5037x884,qjimenez@boyd.com
31,Jack,Tate,Zimbabwe,965-108-4406x20714,gfigueroa@boone-zavala.com
32,Tom,Trujillo,Denmark,416-338-3758,tapiagreg@beard.info
33,Gabriel,Mejia,Liechtenstein,4077245425,coleolson@jennings.net
34,Kaitlyn,Santana,United States of America,6303643286,georgeross@miles.org
35,Faith,Moon,Bahamas,+1-586-217-0359x6317,willistonya@randolph-baker.com
36,Tammie,Haley,Belize,001-276-734-4113x6087,harrisisaiah@jenkins.com
37,Nicholas,Sosa,Uruguay,(661)425-6042,fwolfe@dorsey.com
38,Jordan,Gay,Solomon Islands,7208417020,tiffanydavies@harris-mcfarland.org
39,Bruce,Esparza,Montenegro,559-529-4424,preese@frye-vega.com
40,Sherry,Garza,Poland,001-067-713-6440x158,ann48@miller.com
41,Natalie,Gentry,Dominican Republic,830.996.8238,tcummings@fitzpatrick-ashley.com
42,Bryan,Dunn,Burkina Faso,001-710-802-5565,woodwardandres@phelps.com
43,Wayne,Simpson,Bolivia,(344)156-8632x1869,barbarapittman@holder.com
44,Luis,Greer,Bulgaria,001-336-025-6849x701,bstuart@williamson-mcclure.com
45,Rhonda,Frost,Monaco,(127)081-9339,zkrueger@wolf-chavez.net
46,Joanne,Montes,Palau,(897)726-7952,juan80@henson.net
47,Geoffrey,Guzman,Uzbekistan,975.235.8921x269,bauercrystal@gay.com
48,Gloria,Mccall,Ghana,445-603-6729,bartlettjenna@zuniga-moss.biz
49,Brady,Cohen,United Arab Emirates,741.849.0139x524,mccalltyrone@durham-rose.biz
50,Latoya,Mccann,Belarus,(530)287-4548x29481,bobhammond@barry.biz
51,Gerald,Hawkins,Canada,+1-323-239-1456x96168,uwarner@steele-arias.com
52,Samuel,Crawford,Algeria,802-242-7457,xpittman@ritter-carney.net
53,Patricia,Goodwin,Swaziland,322.549.7139x70040,vaughanchristy@lara.biz
54,Stacie,Richard,Madagascar,001-622-948-3641x24810,clinton85@colon-arias.org
55,Robin,West,Ecuador,698.303.4267,greenemiranda@zimmerman.com
56,Ralph,Haas,Palestinian Territory,2239271999,goodmancesar@figueroa.biz
57,Phyllis,Maldonado,Saint Barthelemy,4500370767,yhanson@warner-diaz.org
58,Danny,Parrish,United Arab Emirates,(669)384-8597x8794,howelldarren@house-cohen.com
59,Kathy,Hill,South Georgia and the South Sandwich Islands,001-171-716-2175x310,ncamacho@boone-simmons.org
60,Kelli,Hardy,Sao Tome and Principe,020.324.2191x2022,kristopher62@oliver.com
61,Lynn,Pham,Portugal,846.468.6834x611,mpham@rios-guzman.com
62,Shelley,Harris,Togo,423.098.0315x8373,zachary96@mitchell-bryant.org
63,Eddie,Jimenez,Ethiopia,+1-235-657-1073x6306,kristiwhitney@bernard.com
64,Chloe,Hutchinson,Netherlands,981-544-9452,leah85@sutton-terrell.com
65,Eileen,Lynch,Liberia,+1-158-951-4131x53578,levigiles@vincent.com
66,Fernando,Lambert,Lithuania,497.829.9038,fisherlinda@schaefer.net
67,Makayla,Cannon,New Caledonia,001-215-801-6392x46009,scottcurtis@hurley.biz
68,Tom,Alvarado,Kiribati,(585)606-2980x2258,nicholsonnina@montgomery.info
69,Virginia,Dudley,French Southern Territories,027.846.3705x14184,zvalencia@phelps.com
70,Riley,Good,Canada,6977745822,alex06@galloway.com
71,Alexandria,Buck,Iran,078-900-4760x76668,lee48@manning.com
72,Richard,Roth,Morocco,581-440-6539,aharper@maddox-townsend.org
73,Candice,Keller,Zimbabwe,001-927-965-8550x92406,buckleycory@odonnell.net
74,Anita,Benson,Russian Federation,874.617.5668x69878,angie04@oconnell.com
75,Regina,Stein,Solomon Islands,001-469-848-0724x4407,zrosario@rojas-hardin.net
76,Debra,Riddle,United States Virgin Islands,+1-768-182-6014x14336,shieldskerry@robles.com
77,Brittany,Zuniga,Kyrgyz Republic,(050)136-9025,mchandler@cochran-huerta.org
78,Cassidy,Mcmahon,Myanmar,5040771311,katrinalane@fitzgerald.com
79,Laurie,Pennington,Dominica,007.155.3406x553,cookejill@powell.com
80,Alejandro,Blair,Iceland,(690)068-4641x51468,elizabethbarr@ewing.com
81,Leslie,Jennings,Micronesia,629.198.6346,corey75@wiggins.com
82,Kathleen,Mckay,Saint Vincent and the Grenadines,(733)910-9968,chloelester@higgins-wilkinson.com
83,Hunter,Moreno,Isle of Man,(733)833-6754,isaac26@benton-finley.com
84,Chad,Davidson,Oman,8275702958,justinwalters@jimenez.com
85,Corey,Holt,Fiji,001-439-242-4986x7918,maurice46@morgan.com
86,Emma,Cunningham,New Zealand,128-059-0206x60217,walter83@juarez.org
87,Duane,Woods,Maldives,(636)544-7783x7288,kmercer@wagner.com
88,Alison,Vargas,Benin,365-273-8144,vcantu@norton.com
89,Vernon,Kane,Yemen,114-854-1159x555,hilljesse@barrett.info
90,Lori,Flowers,Namibia,679.415.1210,tyrone77@valenzuela.info
91,Nina,Chavez,Bhutan,053-344-3205,elliserica@frank.com
92,Shane,Foley,Hungary,+1-822-569-0302,nsteele@sparks.com
93,Collin,Ayers,Anguilla,404-645-5351x012,dudleyemily@gonzales.biz
94,Sherry,Young,Solomon Islands,158-687-1764,alan79@gates-mclaughlin.com
95,Darrell,Douglas,Mali,001-084-845-9524x1777,grayjean@lowery-good.com
96,Karl,Greer,Guyana,(188)169-1674x58692,hhart@jensen.com
97,Lynn,Atkinson,Sri Lanka,+1-846-706-2218,vkemp@ferrell.com
98,Fred,Guerra,Solomon Islands,+1-753-067-8419x7170,swagner@kane.org
99,Yvonne,Farmer,Aruba,(530)311-9786,mccarthystephen@horn-green.biz
100,Clarence,Haynes,Honduras,(753)813-6941,colleen91@faulkner.biz
